{
  "Reserve" : {
    "transaction" : "Reserve",
    "sampleCount" : 1,
    "errorCount" : 0,
    "errorPct" : 0.0,
    "meanResTime" : 1235.0,
    "medianResTime" : 1235.0,
    "minResTime" : 1235.0,
    "maxResTime" : 1235.0,
    "pct1ResTime" : 1235.0,
    "pct2ResTime" : 1235.0,
    "pct3ResTime" : 1235.0,
    "throughput" : 0.8097165991902834,
    "receivedKBytesPerSec" : 5.817465840080971,
    "sentKBytesPerSec" : 0.6800354251012145
  },
  "Purchase" : {
    "transaction" : "Purchase",
    "sampleCount" : 1,
    "errorCount" : 0,
    "errorPct" : 0.0,
    "meanResTime" : 757.0,
    "medianResTime" : 757.0,
    "minResTime" : 757.0,
    "maxResTime" : 757.0,
    "pct1ResTime" : 757.0,
    "pct2ResTime" : 757.0,
    "pct3ResTime" : 757.0,
    "throughput" : 1.321003963011889,
    "receivedKBytesPerSec" : 8.662638292602377,
    "sentKBytesPerSec" : 1.1726490257595772
  },
  "Test" : {
    "transaction" : "Test",
    "sampleCount" : 1,
    "errorCount" : 0,
    "errorPct" : 0.0,
    "meanResTime" : 2611.0,
    "medianResTime" : 2611.0,
    "minResTime" : 2611.0,
    "maxResTime" : 2611.0,
    "pct1ResTime" : 2611.0,
    "pct2ResTime" : 2611.0,
    "pct3ResTime" : 2611.0,
    "throughput" : 0.38299502106472616,
    "receivedKBytesPerSec" : 7.425016756032171,
    "sentKBytesPerSec" : 1.0521142522022213
  },
  "Total" : {
    "transaction" : "Total",
    "sampleCount" : 3,
    "errorCount" : 0,
    "errorPct" : 0.0,
    "meanResTime" : 870.3333333333334,
    "medianResTime" : 757.0,
    "minResTime" : 619.0,
    "maxResTime" : 1235.0,
    "pct1ResTime" : 1235.0,
    "pct2ResTime" : 1235.0,
    "pct3ResTime" : 1235.0,
    "throughput" : 0.03782052898313205,
    "receivedKBytesPerSec" : 0.24440531945740146,
    "sentKBytesPerSec" : 0.034631884124202615
  },
  "Confirmation" : {
    "transaction" : "Confirmation",
    "sampleCount" : 1,
    "errorCount" : 0,
    "errorPct" : 0.0,
    "meanResTime" : 619.0,
    "medianResTime" : 619.0,
    "minResTime" : 619.0,
    "maxResTime" : 619.0,
    "pct1ResTime" : 619.0,
    "pct2ResTime" : 619.0,
    "pct3ResTime" : 619.0,
    "throughput" : 1.6155088852988693,
    "receivedKBytesPerSec" : 9.118790387722132,
    "sentKBytesPerSec" : 1.6470617932148628
  }
}